# samples.json: INTEL(R) XEON(R) PLATINUM 8573C, 20 rounds
global	official	initializeMs	12.60	12.60	1.000	[0.937, 1.074]	n=40/40
global	official	instantiateMs	10.40	10.45	1.005	[0.929, 1.098]	n=40/40
global	official	initCallMs	2.10	2.10	1.000	[0.933, 1.100]	n=40/40
global	official	wholeMs	531.65	78.20	0.147	[0.142, 0.150]	n=40/40
global	official	incrementalMs	69.40	87.95	1.267	[1.216, 1.302]	n=40/40
global	settle10	incrementalMs	68.25	79.95	1.171	[1.115, 1.199]	n=40/40
global	warm	incrementalMs	46.10	38.30	0.831	[0.780, 0.855]	n=40/40
global	cold	incrementalMs	166.10	121.20	0.730	[0.706, 0.747]	n=40/40
us-ssn-exact	official	initializeMs	13.35	12.95	0.970	[0.892, 1.039]	n=40/40
us-ssn-exact	official	instantiateMs	10.55	10.50	0.995	[0.915, 1.069]	n=40/40
us-ssn-exact	official	initCallMs	2.35	2.20	0.936	[0.759, 1.043]	n=40/40
us-ssn-exact	official	wholeMs	162.35	54.00	0.333	[0.324, 0.340]	n=40/40
us-ssn-exact	official	incrementalMs	60.75	76.10	1.253	[1.211, 1.272]	n=40/40
us-ssn-exact	settle10	incrementalMs	58.50	71.10	1.215	[1.165, 1.262]	n=40/40
us-ssn-exact	warm	incrementalMs	31.90	34.85	1.092	[1.019, 1.194]	n=40/40
us-ssn-exact	cold	incrementalMs	106.80	87.75	0.822	[0.804, 0.852]	n=40/40
us-jurisdiction	official	initializeMs	12.50	12.90	1.032	[0.976, 1.102]	n=40/40
us-jurisdiction	official	instantiateMs	10.45	10.70	1.024	[0.943, 1.120]	n=40/40
us-jurisdiction	official	initCallMs	2.10	2.20	1.048	[0.955, 1.190]	n=40/40
us-jurisdiction	official	wholeMs	670.60	90.90	0.136	[0.132, 0.144]	n=40/40
us-jurisdiction	official	incrementalMs	79.80	88.45	1.108	[1.056, 1.165]	n=40/40
off	official	initializeMs	10.20	10.35	1.015	[0.949, 1.080]	n=40/40
off	official	instantiateMs	8.50	8.55	1.006	[0.943, 1.096]	n=40/40
off	official	initCallMs	1.60	1.65	1.031	[0.889, 1.188]	n=40/40
off	official	wholeMs	37.65	37.60	0.999	[0.946, 1.066]	n=40/40
off	official	incrementalMs	61.30	62.65	1.022	[0.975, 1.047]	n=40/40
off	cold	incrementalMs	68.55	69.00	1.007	[0.989, 1.035]	n=40/40
